{"chunk_definitions":[{"row":16,"row_count":1,"visible":true,"expansion_state":0,"options":{"engine":"r","label":"setup","include":false},"document_id":"70942D6C","chunk_id":"csetup_chunk","chunk_label":"setup"},{"row":24,"row_count":1,"visible":true,"expansion_state":0,"options":{"engine":"r","label":"unnamed-chunk-1"},"document_id":"0BDA5E49","chunk_id":"c1db0ht9oevzo","chunk_label":"unnamed-chunk-1"},{"row":28,"row_count":1,"visible":true,"expansion_state":0,"options":{"engine":"r","label":"unnamed-chunk-2"},"document_id":"0BDA5E49","chunk_id":"cszhmuebrqaqt","chunk_label":"unnamed-chunk-2"},{"row":32,"row_count":1,"visible":true,"expansion_state":0,"options":{"engine":"r","label":"unnamed-chunk-3"},"document_id":"0BDA5E49","chunk_id":"c1iozacwfn0hk","chunk_label":"unnamed-chunk-3"},{"row":38,"row_count":1,"visible":true,"expansion_state":0,"options":{"engine":"r","label":"unnamed-chunk-4"},"document_id":"0BDA5E49","chunk_id":"cwurqmlgnuprc","chunk_label":"unnamed-chunk-4"},{"row":44,"row_count":1,"visible":true,"expansion_state":0,"options":{"engine":"r","label":"unnamed-chunk-5"},"document_id":"0BDA5E49","chunk_id":"ce73prbft8rjt","chunk_label":"unnamed-chunk-5"},{"row":50,"row_count":1,"visible":true,"expansion_state":0,"options":{"engine":"r","label":"unnamed-chunk-6"},"document_id":"0BDA5E49","chunk_id":"c2lj36xlqz0bc","chunk_label":"unnamed-chunk-6"},{"row":56,"row_count":1,"visible":true,"expansion_state":0,"options":{"engine":"r","label":"unnamed-chunk-7"},"document_id":"70942D6C","chunk_id":"cz1x781g5a00w","chunk_label":"unnamed-chunk-7"},{"row":70,"row_count":1,"visible":true,"expansion_state":0,"options":{"engine":"r","label":"unnamed-chunk-8"},"document_id":"0BDA5E49","chunk_id":"c9lqrfx8kdmrk","chunk_label":"unnamed-chunk-8"},{"row":76,"row_count":1,"visible":true,"expansion_state":0,"options":{"engine":"r","label":"unnamed-chunk-9"},"document_id":"0BDA5E49","chunk_id":"c7s36vu6f9dea","chunk_label":"unnamed-chunk-9"},{"row":82,"row_count":1,"visible":true,"expansion_state":0,"options":{"engine":"r","label":"unnamed-chunk-10"},"document_id":"0BDA5E49","chunk_id":"cbma35ltp6uyh","chunk_label":"unnamed-chunk-10"},{"row":88,"row_count":1,"visible":true,"expansion_state":0,"options":{"engine":"r","label":"unnamed-chunk-11"},"document_id":"0BDA5E49","chunk_id":"co6t8icfnnq25","chunk_label":"unnamed-chunk-11"},{"row":94,"row_count":1,"visible":true,"expansion_state":0,"options":{"engine":"r","label":"unnamed-chunk-12"},"document_id":"0BDA5E49","chunk_id":"cr18u7lll4eza","chunk_label":"unnamed-chunk-12"},{"row":100,"row_count":1,"visible":true,"expansion_state":0,"options":{"engine":"r","label":"unnamed-chunk-13"},"document_id":"0BDA5E49","chunk_id":"c2y77zenxzpdk","chunk_label":"unnamed-chunk-13"},{"row":106,"row_count":1,"visible":true,"expansion_state":0,"options":{"engine":"r","label":"unnamed-chunk-14"},"document_id":"0BDA5E49","chunk_id":"ctl7jexny4kft","chunk_label":"unnamed-chunk-14"},{"row":120,"row_count":1,"visible":true,"expansion_state":0,"options":{"engine":"r","warning":false,"label":"unnamed-chunk-15"},"document_id":"0BDA5E49","chunk_id":"cl42hlufa3yj1","chunk_label":"unnamed-chunk-16"}],"doc_write_time":1652830705,"working_dir":null,"default_chunk_options":{"echo":true},"chunk_rendered_width":400}